game_id,season,week,matchup,market,tier,pick,edge,score,result,units
2026_04_ATL_NO,2026,4,Tyler Shough (NO),PROP PASS YDS,LEAN,Tyler Shough O 256.5,0.042,286,W,0.8928571428571428
2026_04_ATL_NO,2026,4,Michael Penix Jr. (ATL),PROP PASS YDS,PLAY,Michael Penix Jr. O 226.5,0.078,223,L,-1.0
2026_04_ARI_NYG,2026,4,Jameis Winston (NYG),PROP PASS YDS,LEAN,Jameis Winston U 211.5,0.045,250,L,-1.0
2026_04_DET_CAR,2026,4,Jared Goff (DET),PROP PASS YDS,HAMMER,Jared Goff U 263.5,0.1,412,L,-1.0
2026_04_GB_TB,2026,4,Jordan Love (GB),PROP PASS YDS,PLAY,Jordan Love O 241.5,0.071,197,L,-1.0
2026_04_IND_WAS,2026,4,Marcus Mariota (WAS),PROP PASS YDS,PLAY,Marcus Mariota O 213.5,0.152,46,L,-1.0
2026_04_IND_WAS,2026,4,Daniel Jones (IND),PROP PASS YDS,HAMMER,Daniel Jones O 225.5,0.112,143,L,-1.0
2026_04_JAX_CIN,2026,4,Trevor Lawrence (JAX),PROP PASS YDS,HAMMER,Trevor Lawrence U 260.5,0.072,227,W,0.900900900900901
2026_04_KC_LV,2026,4,Kirk Cousins (LV),PROP PASS YDS,PLAY,Kirk Cousins O 220.5,0.148,365,W,0.900900900900901
2026_04_LAC_SEA,2026,4,Sam Darnold (SEA),PROP PASS YDS,LEAN,Sam Darnold U 232.5,0.133,168,W,0.8849557522123894
2026_04_LA_PHI,2026,4,Matthew Stafford (LA),PROP PASS YDS,PLAY,Matthew Stafford U 251.5,0.113,317,L,-1.0
2026_04_MIA_MIN,2026,4,Kyler Murray (MIN),PROP PASS YDS,PLAY,Kyler Murray O 205.5,0.172,247,W,0.900900900900901
2026_04_MIA_MIN,2026,4,Malik Willis (MIA),PROP PASS YDS,PLAY,Malik Willis O 170.5,0.132,85,L,-1.0
2026_04_NE_BUF,2026,4,Drake Maye (NE),PROP PASS YDS,PLAY,Drake Maye U 231.5,0.061,269,L,-1.0
2026_04_NYJ_CHI,2026,4,Geno Smith (NYJ),PROP PASS YDS,LEAN,Geno Smith O 228.5,0.04,119,L,-1.0
2026_04_TEN_BAL,2026,4,Cam Ward (TEN),PROP PASS YDS,LEAN,Cam Ward O 183.5,0.038,222,W,0.900900900900901
2026_04_PIT_CLE,2026,4,Deshaun Watson (CLE),PROP PASS YDS,LEAN,Deshaun Watson U 186.5,0.044,268,L,-1.0
2026_04_ATL_NO,2026,4,Alvin Kamara (NO),PROP RUSH YDS,LEAN,Alvin Kamara U 38.5,0.224,23,W,0.8620689655172413
2026_04_ATL_NO,2026,4,Kendre Miller (NO),PROP RUSH YDS,LEAN,Kendre Miller U 24.5,0.127,9,W,0.900900900900901
2026_04_ATL_NO,2026,4,Michael Penix Jr. (ATL),PROP RUSH YDS,LEAN,Michael Penix Jr. U 5.5,0.326,-2,W,0.900900900900901
2026_04_ARI_NYG,2026,4,Tyler Allgeier (ARI),PROP RUSH YDS,PLAY,Tyler Allgeier O 18.5,0.061,42,W,0.8547008547008548
2026_04_ARI_NYG,2026,4,Jeremiyah Love (ARI),PROP RUSH YDS,HAMMER,Jeremiyah Love U 67.5,0.088,63,W,0.8849557522123894
2026_04_DEN_SF,2026,4,Christian McCaffrey (SF),PROP RUSH YDS,LEAN,Christian McCaffrey U 64.5,0.144,52,W,0.900900900900901
2026_04_DEN_SF,2026,4,Kaelon Black (SF),PROP RUSH YDS,LEAN,Kaelon Black O 22.5,0.042,13,L,-1.0
2026_04_DEN_SF,2026,4,J.K. Dobbins (DEN),PROP RUSH YDS,LEAN,J.K. Dobbins U 59.5,0.151,40,W,0.900900900900901
2026_04_DEN_SF,2026,4,Bo Nix (DEN),PROP RUSH YDS,LEAN,Bo Nix U 17.5,0.198,10,W,0.8620689655172413
2026_04_DEN_SF,2026,4,RJ Harvey (DEN),PROP RUSH YDS,LEAN,RJ Harvey U 16.5,0.159,25,L,-1.0
2026_04_DET_CAR,2026,4,Chuba Hubbard (CAR),PROP RUSH YDS,PLAY,Chuba Hubbard U 65.5,0.089,122,L,-1.0
2026_04_DET_CAR,2026,4,Jared Goff (DET),PROP RUSH YDS,LEAN,Jared Goff O 1.5,0.204,0,L,-1.0
2026_04_DET_CAR,2026,4,Sione Vaki (DET),PROP RUSH YDS,LEAN,Sione Vaki O 9.5,0.157,0,L,-1.0
2026_04_GB_TB,2026,4,Kenny Gainwell (TB),PROP RUSH YDS,HAMMER,Kenny Gainwell U 16.5,0.114,5,W,0.8695652173913042
2026_04_GB_TB,2026,4,Kaleb Johnson (GB),PROP RUSH YDS,LEAN,Kaleb Johnson U 30.5,0.296,42,L,-1.0
2026_04_IND_WAS,2026,4,Marcus Mariota (WAS),PROP RUSH YDS,LEAN,Marcus Mariota U 26.5,0.331,35,L,-1.0
2026_04_IND_WAS,2026,4,Jacory Croskey-Merritt (WAS),PROP RUSH YDS,PLAY,Jacory Croskey-Merritt U 62.5,0.11,15,W,0.9090909090909092
2026_04_IND_WAS,2026,4,Daniel Jones (IND),PROP RUSH YDS,LEAN,Daniel Jones U 11.5,0.136,2,W,0.925925925925926
2026_04_IND_WAS,2026,4,Seth McGowan (IND),PROP RUSH YDS,PLAY,Seth McGowan O 6.5,0.056,31,W,0.970873786407767
2026_04_JAX_CIN,2026,4,Trevor Lawrence (JAX),PROP RUSH YDS,HAMMER,Trevor Lawrence U 13.5,0.102,0,W,0.9433962264150944
2026_04_JAX_CIN,2026,4,Chris Rodriguez Jr. (JAX),PROP RUSH YDS,PLAY,Chris Rodriguez Jr. O 19.5,0.057,35,W,0.8547008547008548
2026_04_KC_LV,2026,4,Kirk Cousins (LV),PROP RUSH YDS,LEAN,Kirk Cousins O 0.5,0.144,0,L,-1.0
2026_04_KC_LV,2026,4,Mike Washington Jr. (LV),PROP RUSH YDS,LEAN,Mike Washington Jr. U 16.5,0.148,18,L,-1.0
2026_04_KC_LV,2026,4,Patrick Mahomes (KC),PROP RUSH YDS,LEAN,Patrick Mahomes U 15.5,0.15,0,W,0.9174311926605505
2026_04_LAC_SEA,2026,4,Emanuel Wilson (SEA),PROP RUSH YDS,LEAN,Emanuel Wilson U 39.5,0.129,81,L,-1.0
2026_04_LAC_SEA,2026,4,Jadarian Price (SEA),PROP RUSH YDS,PLAY,Jadarian Price U 41.5,0.301,DNP,P,0.0
2026_04_LAC_SEA,2026,4,Justin Herbert (LAC),PROP RUSH YDS,LEAN,Justin Herbert U 21.5,0.197,40,L,-1.0
2026_04_LAC_SEA,2026,4,Omarion Hampton (LAC),PROP RUSH YDS,PLAY,Omarion Hampton O 46.5,0.09,45,L,-1.0
2026_04_LA_PHI,2026,4,Saquon Barkley (PHI),PROP RUSH YDS,LEAN,Saquon Barkley U 73.5,0.135,8,W,0.9090909090909092
2026_04_LA_PHI,2026,4,Jalen Hurts (PHI),PROP RUSH YDS,PLAY,Jalen Hurts U 25.5,0.065,18,W,0.8849557522123894
2026_04_LA_PHI,2026,4,Matthew Stafford (LA),PROP RUSH YDS,PLAY,Matthew Stafford O 0.5,0.134,10,W,0.819672131147541
2026_04_LA_PHI,2026,4,Kyren Williams (LA),PROP RUSH YDS,PLAY,Kyren Williams O 58.5,0.064,80,W,0.8771929824561404
2026_04_MIA_MIN,2026,4,Kyler Murray (MIN),PROP RUSH YDS,PLAY,Kyler Murray U 21.5,0.147,16,W,0.8928571428571428
2026_04_MIA_MIN,2026,4,Malik Willis (MIA),PROP RUSH YDS,HAMMER,Malik Willis U 29.5,0.119,11,W,0.900900900900901
2026_04_MIA_MIN,2026,4,Ollie Gordon II (MIA),PROP RUSH YDS,LEAN,Ollie Gordon II O 30.5,0.157,100,W,0.9174311926605505
2026_04_NE_BUF,2026,4,Josh Allen (BUF),PROP RUSH YDS,LEAN,Josh Allen O 31.5,0.033,4,L,-1.0
2026_04_NE_BUF,2026,4,Rhamondre Stevenson (NE),PROP RUSH YDS,PLAY,Rhamondre Stevenson O 30.5,0.053,47,W,0.8771929824561404
2026_04_NE_BUF,2026,4,Drake Maye (NE),PROP RUSH YDS,LEAN,Drake Maye U 27.5,0.154,54,L,-1.0
2026_04_NE_BUF,2026,4,TreVeyon Henderson (NE),PROP RUSH YDS,PLAY,TreVeyon Henderson U 41.5,0.05,42,L,-1.0
2026_04_NYJ_CHI,2026,4,Geno Smith (NYJ),PROP RUSH YDS,PLAY,Geno Smith U 12.5,0.103,0,W,0.8695652173913042
2026_04_NYJ_CHI,2026,4,Braelon Allen (NYJ),PROP RUSH YDS,PLAY,Braelon Allen U 54.5,0.301,59,L,-1.0
2026_04_TEN_BAL,2026,4,Derrick Henry (BAL),PROP RUSH YDS,PLAY,Derrick Henry U 98.5,0.277,73,W,0.900900900900901
2026_04_TEN_BAL,2026,4,Lamar Jackson (BAL),PROP RUSH YDS,PLAY,Lamar Jackson U 31.5,0.07,20,W,0.8928571428571428
2026_04_PIT_CLE,2026,4,Deshaun Watson (CLE),PROP RUSH YDS,PLAY,Deshaun Watson O 29.5,0.109,22,L,-1.0
2026_04_PIT_CLE,2026,4,Quinshon Judkins (CLE),PROP RUSH YDS,PLAY,Quinshon Judkins U 55.5,0.068,53,W,0.8771929824561404
2026_04_PIT_CLE,2026,4,Aaron Rodgers (PIT),PROP RUSH YDS,PLAY,Aaron Rodgers O 1.5,0.108,0,L,-1.0
2026_04_PIT_CLE,2026,4,Jaylen Warren (PIT),PROP RUSH YDS,LEAN,Jaylen Warren U 76.5,0.033,93,L,-1.0
2026_04_ATL_NO,2026,4,Alvin Kamara (NO),PROP REC YDS,LEAN,Alvin Kamara U 16.5,0.201,35,L,-1.0
2026_04_ATL_NO,2026,4,Chris Olave (NO),PROP REC YDS,HAMMER,Chris Olave U 85.5,0.085,116,L,-1.0
2026_04_ATL_NO,2026,4,Devaughn Vele (NO),PROP REC YDS,PLAY,Devaughn Vele O 45.5,0.071,54,W,0.8771929824561404
2026_04_ATL_NO,2026,4,Kyle Pitts (ATL),PROP REC YDS,LEAN,Kyle Pitts U 27.5,0.201,47,L,-1.0
2026_04_ATL_NO,2026,4,Drake London (ATL),PROP REC YDS,PLAY,Drake London U 79.5,0.114,96,L,-1.0
2026_04_ATL_NO,2026,4,Jahan Dotson (ATL),PROP REC YDS,HAMMER,Jahan Dotson O 17.5,0.09,54,W,0.8695652173913042
2026_04_ATL_NO,2026,4,Bijan Robinson (ATL),PROP REC YDS,PLAY,Bijan Robinson U 40.5,0.168,2,W,0.8849557522123894
2026_04_ARI_NYG,2026,4,Malik Nabers (NYG),PROP REC YDS,PLAY,Malik Nabers U 53.5,0.159,112,L,-1.0
2026_04_ARI_NYG,2026,4,Cam Skattebo (NYG),PROP REC YDS,LEAN,Cam Skattebo U 17.5,0.049,8,W,0.8771929824561404
2026_04_ARI_NYG,2026,4,Malachi Fields (NYG),PROP REC YDS,HAMMER,Malachi Fields O 23.5,0.072,52,W,0.9090909090909092
2026_04_ARI_NYG,2026,4,Trey McBride (ARI),PROP REC YDS,PLAY,Trey McBride U 66.5,0.102,31,W,0.8928571428571428
2026_04_ARI_NYG,2026,4,Marvin Harrison Jr. (ARI),PROP REC YDS,HAMMER,Marvin Harrison Jr. U 33.5,0.084,12,W,0.8849557522123894
2026_04_ARI_NYG,2026,4,Jeremiyah Love (ARI),PROP REC YDS,HAMMER,Jeremiyah Love U 16.5,0.102,-8,W,0.8695652173913042
2026_04_DAL_HOU,2026,4,Nico Collins (HOU),PROP REC YDS,LEAN,Nico Collins U 75.5,0.124,118,L,-1.0
2026_04_DAL_HOU,2026,4,Xavier Hutchinson (HOU),PROP REC YDS,PLAY,Xavier Hutchinson O 28.5,0.105,46,W,0.8771929824561404
2026_04_DAL_HOU,2026,4,George Pickens (DAL),PROP REC YDS,HAMMER,George Pickens U 67.5,0.111,75,L,-1.0
2026_04_DEN_SF,2026,4,Kyle Juszczyk (SF),PROP REC YDS,HAMMER,Kyle Juszczyk O 8.5,0.103,28,W,0.9174311926605505
2026_04_DEN_SF,2026,4,Christian McCaffrey (SF),PROP REC YDS,PLAY,Christian McCaffrey U 40.5,0.144,18,W,0.9090909090909092
2026_04_DEN_SF,2026,4,George Kittle (SF),PROP REC YDS,PLAY,George Kittle U 63.5,0.134,70,L,-1.0
2026_04_DEN_SF,2026,4,Jaylen Waddle (DEN),PROP REC YDS,PLAY,Jaylen Waddle U 57.5,0.073,35,W,0.8771929824561404
2026_04_DEN_SF,2026,4,Pat Bryant (DEN),PROP REC YDS,LEAN,Pat Bryant O 23.5,0.037,47,W,0.8771929824561404
2026_04_DEN_SF,2026,4,RJ Harvey (DEN),PROP REC YDS,HAMMER,RJ Harvey U 22.5,0.112,68,L,-1.0
2026_04_DET_CAR,2026,4,Darren Waller (CAR),PROP REC YDS,LEAN,Darren Waller U 27.5,0.042,36,L,-1.0
2026_04_DET_CAR,2026,4,Chuba Hubbard (CAR),PROP REC YDS,LEAN,Chuba Hubbard U 18.5,0.05,7,W,0.925925925925926
2026_04_DET_CAR,2026,4,Tommy Tremble (CAR),PROP REC YDS,PLAY,Tommy Tremble O 12.5,0.068,12,L,-1.0
2026_04_DET_CAR,2026,4,Tetairoa McMillan (CAR),PROP REC YDS,HAMMER,Tetairoa McMillan U 69.5,0.097,192,L,-1.0
2026_04_DET_CAR,2026,4,Amon-Ra St. Brown (DET),PROP REC YDS,PLAY,Amon-Ra St. Brown U 76.5,0.099,75,W,0.9090909090909092
2026_04_DET_CAR,2026,4,Jameson Williams (DET),PROP REC YDS,LEAN,Jameson Williams U 51.5,0.041,102,L,-1.0
2026_04_DET_CAR,2026,4,Sam LaPorta (DET),PROP REC YDS,LEAN,Sam LaPorta U 47.5,0.048,84,L,-1.0
2026_04_DET_CAR,2026,4,Isaac TeSlaa (DET),PROP REC YDS,LEAN,Isaac TeSlaa O 17.5,0.037,95,W,0.8849557522123894
2026_04_GB_TB,2026,4,Cade Otton (TB),PROP REC YDS,PLAY,Cade Otton O 24.5,0.207,37,W,0.8771929824561404
2026_04_GB_TB,2026,4,Emeka Egbuka (TB),PROP REC YDS,PLAY,Emeka Egbuka O 37.5,0.12,13,L,-1.0
2026_04_GB_TB,2026,4,Jonnu Smith (GB),PROP REC YDS,PLAY,Jonnu Smith O 7.5,0.166,19,W,0.9090909090909092
2026_04_GB_TB,2026,4,Tucker Kraft (GB),PROP REC YDS,PLAY,Tucker Kraft U 40.5,0.06,42,L,-1.0
2026_04_IND_WAS,2026,4,Terry McLaurin (WAS),PROP REC YDS,PLAY,Terry McLaurin U 51.5,0.059,DNP,P,0.0
2026_04_IND_WAS,2026,4,Antonio Williams (WAS),PROP REC YDS,HAMMER,Antonio Williams O 17.5,0.087,21,W,0.9174311926605505
2026_04_IND_WAS,2026,4,Keenan Allen (IND),PROP REC YDS,LEAN,Keenan Allen O 34.5,0.038,DNP,P,0.0
2026_04_IND_WAS,2026,4,Jonathan Taylor (IND),PROP REC YDS,HAMMER,Jonathan Taylor U 19.5,0.079,2,W,0.8849557522123894
2026_04_IND_WAS,2026,4,Josh Downs (IND),PROP REC YDS,PLAY,Josh Downs U 61.5,0.059,16,W,0.9090909090909092
2026_04_JAX_CIN,2026,4,Mike Gesicki (CIN),PROP REC YDS,LEAN,Mike Gesicki O 27.5,0.037,40,W,0.8695652173913042
2026_04_JAX_CIN,2026,4,Drew Sample (CIN),PROP REC YDS,PLAY,Drew Sample O 6.5,0.063,DNP,P,0.0
2026_04_JAX_CIN,2026,4,Ja'Marr Chase (CIN),PROP REC YDS,HAMMER,Ja'Marr Chase U 79.5,0.113,27,W,0.9090909090909092
2026_04_JAX_CIN,2026,4,Dohnte Meyers (CIN),PROP REC YDS,PLAY,Dohnte Meyers U 20.5,0.052,82,L,-1.0
2026_04_JAX_CIN,2026,4,Parker Washington (JAX),PROP REC YDS,LEAN,Parker Washington U 73.5,0.124,7,W,0.8928571428571428
2026_04_JAX_CIN,2026,4,Brenton Strange (JAX),PROP REC YDS,PLAY,Brenton Strange U 34.5,0.052,95,L,-1.0
2026_04_JAX_CIN,2026,4,Brian Thomas Jr. (JAX),PROP REC YDS,HAMMER,Brian Thomas Jr. U 29.5,0.072,17,W,0.8928571428571428
2026_04_KC_LV,2026,4,Tre Tucker (LV),PROP REC YDS,LEAN,Tre Tucker O 37.5,0.047,44,W,0.8695652173913042
2026_04_KC_LV,2026,4,Michael Mayer (LV),PROP REC YDS,LEAN,Michael Mayer O 21.5,0.161,82,W,0.8620689655172413
2026_04_KC_LV,2026,4,Ashton Jeanty (LV),PROP REC YDS,LEAN,Ashton Jeanty O 21.5,0.048,68,W,0.8771929824561404
2026_04_KC_LV,2026,4,Kenneth Walker III (KC),PROP REC YDS,HAMMER,Kenneth Walker III O 21.5,0.072,2,L,-1.0
2026_04_KC_LV,2026,4,Xavier Worthy (KC),PROP REC YDS,LEAN,Xavier Worthy O 33.5,0.041,70,W,0.8849557522123894
2026_04_LAC_SEA,2026,4,Cooper Kupp (SEA),PROP REC YDS,PLAY,Cooper Kupp O 24.5,0.069,13,L,-1.0
2026_04_LAC_SEA,2026,4,Jaxon Smith-Njigba (SEA),PROP REC YDS,HAMMER,Jaxon Smith-Njigba U 91.5,0.117,76,W,0.8771929824561404
2026_04_LAC_SEA,2026,4,Tory Horton (SEA),PROP REC YDS,HAMMER,Tory Horton O 11.5,0.078,6,L,-1.0
2026_04_LAC_SEA,2026,4,Jadarian Price (SEA),PROP REC YDS,PLAY,Jadarian Price U 10.5,0.109,DNP,P,0.0
2026_04_LA_PHI,2026,4,Zach Ertz (PHI),PROP REC YDS,PLAY,Zach Ertz U 10.5,0.068,13,L,-1.0
2026_04_LA_PHI,2026,4,Saquon Barkley (PHI),PROP REC YDS,PLAY,Saquon Barkley U 11.5,0.058,2,W,0.9345794392523366
2026_04_LA_PHI,2026,4,DeVonta Smith (PHI),PROP REC YDS,LEAN,DeVonta Smith U 65.5,0.037,DNP,P,0.0
2026_04_LA_PHI,2026,4,Puka Nacua (LA),PROP REC YDS,PLAY,Puka Nacua U 76.5,0.196,125,L,-1.0
2026_04_LA_PHI,2026,4,Davante Adams (LA),PROP REC YDS,LEAN,Davante Adams U 67.5,0.043,32,W,0.9090909090909092
2026_04_LA_PHI,2026,4,Kyren Williams (LA),PROP REC YDS,LEAN,Kyren Williams O 14.5,0.041,67,W,0.9345794392523366
2026_04_MIA_MIN,2026,4,Aaron Jones (MIN),PROP REC YDS,LEAN,Aaron Jones U 18.5,0.152,34,L,-1.0
2026_04_MIA_MIN,2026,4,Greg Dulcich (MIA),PROP REC YDS,LEAN,Greg Dulcich U 29.5,0.05,DNP,P,0.0
2026_04_MIA_MIN,2026,4,Malik Washington (MIA),PROP REC YDS,HAMMER,Malik Washington O 37.5,0.11,67,W,0.8695652173913042
2026_04_MIA_MIN,2026,4,Chris Bell (MIA),PROP REC YDS,HAMMER,Chris Bell U 32.5,0.077,0,W,0.8771929824561404
2026_04_NE_BUF,2026,4,DJ Moore (BUF),PROP REC YDS,LEAN,DJ Moore U 49.5,0.03,11,W,0.8771929824561404
2026_04_NE_BUF,2026,4,Ty Johnson (BUF),PROP REC YDS,PLAY,Ty Johnson O 12.5,0.052,9,L,-1.0
2026_04_NE_BUF,2026,4,Khalil Shakir (BUF),PROP REC YDS,LEAN,Khalil Shakir U 38.5,0.038,82,L,-1.0
2026_04_NE_BUF,2026,4,Dalton Kincaid (BUF),PROP REC YDS,PLAY,Dalton Kincaid U 53.5,0.067,7,W,0.8771929824561404
2026_04_NE_BUF,2026,4,Keon Coleman (BUF),PROP REC YDS,LEAN,Keon Coleman O 12.5,0.133,116,W,0.8620689655172413
2026_04_NE_BUF,2026,4,Hunter Henry (NE),PROP REC YDS,PLAY,Hunter Henry U 30.5,0.052,62,L,-1.0
2026_04_NE_BUF,2026,4,Rhamondre Stevenson (NE),PROP REC YDS,PLAY,Rhamondre Stevenson U 17.5,0.051,27,L,-1.0
2026_04_NE_BUF,2026,4,Romeo Doubs (NE),PROP REC YDS,LEAN,Romeo Doubs U 41.5,0.044,58,L,-1.0
2026_04_NYJ_CHI,2026,4,Kalif Raymond (CHI),PROP REC YDS,LEAN,Kalif Raymond O 31.5,0.193,6,L,-1.0
2026_04_NYJ_CHI,2026,4,Rome Odunze (CHI),PROP REC YDS,LEAN,Rome Odunze O 31.5,0.048,94,W,0.8695652173913042
2026_04_NYJ_CHI,2026,4,Colston Loveland (CHI),PROP REC YDS,HAMMER,Colston Loveland U 33.5,0.123,57,L,-1.0
2026_04_NYJ_CHI,2026,4,Garrett Wilson (NYJ),PROP REC YDS,HAMMER,Garrett Wilson U 75.5,0.112,27,W,0.900900900900901
2026_04_NYJ_CHI,2026,4,Kenyon Sadiq (NYJ),PROP REC YDS,LEAN,Kenyon Sadiq U 41.5,0.131,0,W,0.900900900900901
2026_04_TEN_BAL,2026,4,Rashod Bateman (BAL),PROP REC YDS,LEAN,Rashod Bateman O 32.5,0.186,46,W,0.8928571428571428
2026_04_TEN_BAL,2026,4,Zay Flowers (BAL),PROP REC YDS,PLAY,Zay Flowers U 66.5,0.13,118,L,-1.0
2026_04_TEN_BAL,2026,4,Wan'Dale Robinson (TEN),PROP REC YDS,HAMMER,Wan'Dale Robinson U 37.5,0.083,19,W,0.8849557522123894
2026_04_TEN_BAL,2026,4,Elic Ayomanor (TEN),PROP REC YDS,LEAN,Elic Ayomanor O 19.5,0.042,22,W,0.8620689655172413
2026_04_PIT_CLE,2026,4,Denzel Boston (CLE),PROP REC YDS,PLAY,Denzel Boston O 38.5,0.111,89,W,0.900900900900901
2026_04_PIT_CLE,2026,4,Michael Pittman (PIT),PROP REC YDS,HAMMER,Michael Pittman U 33.5,0.084,15,W,0.9090909090909092
2026_04_PIT_CLE,2026,4,Jaylen Warren (PIT),PROP REC YDS,LEAN,Jaylen Warren U 26.5,0.18,33,L,-1.0
2026_04_PIT_CLE,2026,4,Roman Wilson (PIT),PROP REC YDS,HAMMER,Roman Wilson O 20.5,0.116,74,W,0.8928571428571428
2026_04_PIT_CLE,2026,4,Germie Bernard (PIT),PROP REC YDS,LEAN,Germie Bernard O 9.5,0.164,11,W,0.9174311926605505
2026_04_ATL_NO,2026,4,Alvin Kamara (NO),PROP RECEPTIONS,LEAN,Alvin Kamara U 3.5,0.223,5,L,-1.0
2026_04_ATL_NO,2026,4,Chris Olave (NO),PROP RECEPTIONS,HAMMER,Chris Olave U 6.5,0.074,8,L,-1.0
2026_04_ATL_NO,2026,4,Austin Hooper (ATL),PROP RECEPTIONS,HAMMER,Austin Hooper O 1.5,0.081,1,L,-1.0
2026_04_ATL_NO,2026,4,Kyle Pitts (ATL),PROP RECEPTIONS,LEAN,Kyle Pitts U 2.5,0.251,3,L,-1.0
2026_04_ATL_NO,2026,4,Drake London (ATL),PROP RECEPTIONS,LEAN,Drake London U 5.5,0.169,5,W,1.1600000000000001
2026_04_ATL_NO,2026,4,Jahan Dotson (ATL),PROP RECEPTIONS,LEAN,Jahan Dotson O 1.5,0.049,2,W,0.7575757575757576
2026_04_ATL_NO,2026,4,Bijan Robinson (ATL),PROP RECEPTIONS,HAMMER,Bijan Robinson U 4.5,0.116,1,W,0.8771929824561404
2026_04_ARI_NYG,2026,4,Malik Nabers (NYG),PROP RECEPTIONS,LEAN,Malik Nabers U 4.5,0.192,6,L,-1.0
2026_04_ARI_NYG,2026,4,Cam Skattebo (NYG),PROP RECEPTIONS,PLAY,Cam Skattebo U 2.5,0.061,1,W,0.9090909090909092
2026_04_ARI_NYG,2026,4,Malachi Fields (NYG),PROP RECEPTIONS,PLAY,Malachi Fields O 1.5,0.064,2,W,0.5555555555555556
2026_04_ARI_NYG,2026,4,Kendrick Bourne (ARI),PROP RECEPTIONS,LEAN,Kendrick Bourne O 2.5,0.147,DNP,P,0.0
2026_04_ARI_NYG,2026,4,Trey McBride (ARI),PROP RECEPTIONS,LEAN,Trey McBride U 6.5,0.192,7,L,-1.0
2026_04_ARI_NYG,2026,4,Marvin Harrison Jr. (ARI),PROP RECEPTIONS,PLAY,Marvin Harrison Jr. U 2.5,0.064,1,W,0.9090909090909092
2026_04_ARI_NYG,2026,4,Jeremiyah Love (ARI),PROP RECEPTIONS,HAMMER,Jeremiyah Love U 3.5,0.071,1,W,0.5882352941176472
2026_04_DAL_HOU,2026,4,Nico Collins (HOU),PROP RECEPTIONS,HAMMER,Nico Collins U 5.5,0.1,7,L,-1.0
2026_04_DAL_HOU,2026,4,Dalton Schultz (HOU),PROP RECEPTIONS,LEAN,Dalton Schultz U 4.5,0.161,2,W,0.9523809523809523
2026_04_DAL_HOU,2026,4,Jaylin Noel (HOU),PROP RECEPTIONS,PLAY,Jaylin Noel O 1.5,0.062,3,W,1.5099999999999998
2026_04_DAL_HOU,2026,4,Jake Ferguson (DAL),PROP RECEPTIONS,HAMMER,Jake Ferguson U 3.5,0.115,3,W,0.7874015748031495
2026_04_DAL_HOU,2026,4,Ryan Flournoy (DAL),PROP RECEPTIONS,PLAY,Ryan Flournoy U 3.5,0.051,4,L,-1.0
2026_04_DEN_SF,2026,4,Kyle Juszczyk (SF),PROP RECEPTIONS,HAMMER,Kyle Juszczyk O 1.5,0.097,2,W,1.5499999999999998
2026_04_DEN_SF,2026,4,Christian McCaffrey (SF),PROP RECEPTIONS,LEAN,Christian McCaffrey U 4.5,0.133,3,W,1.08
2026_04_DEN_SF,2026,4,George Kittle (SF),PROP RECEPTIONS,LEAN,George Kittle U 4.5,0.153,4,W,1.0700000000000003
2026_04_DEN_SF,2026,4,Evan Engram (DEN),PROP RECEPTIONS,HAMMER,Evan Engram U 2.5,0.075,1,W,0.7575757575757576
2026_04_DEN_SF,2026,4,Jaylen Waddle (DEN),PROP RECEPTIONS,LEAN,Jaylen Waddle U 4.5,0.155,5,L,-1.0
2026_04_DET_CAR,2026,4,Jalen Coker (CAR),PROP RECEPTIONS,HAMMER,Jalen Coker U 4.5,0.104,DNP,P,0.0
2026_04_DET_CAR,2026,4,Tetairoa McMillan (CAR),PROP RECEPTIONS,LEAN,Tetairoa McMillan U 4.5,0.159,14,L,-1.0
2026_04_DET_CAR,2026,4,Amon-Ra St. Brown (DET),PROP RECEPTIONS,PLAY,Amon-Ra St. Brown U 7.5,0.248,8,L,-1.0
2026_04_DET_CAR,2026,4,Jameson Williams (DET),PROP RECEPTIONS,PLAY,Jameson Williams U 3.5,0.065,6,L,-1.0
2026_04_DET_CAR,2026,4,Sam LaPorta (DET),PROP RECEPTIONS,PLAY,Sam LaPorta U 4.5,0.052,8,L,-1.0
2026_04_DET_CAR,2026,4,Jahmyr Gibbs (DET),PROP RECEPTIONS,LEAN,Jahmyr Gibbs U 4.5,0.178,4,W,0.9900990099009901
2026_04_GB_TB,2026,4,Cade Otton (TB),PROP RECEPTIONS,HAMMER,Cade Otton O 2.5,0.087,4,W,0.6024096385542168
2026_04_GB_TB,2026,4,Emeka Egbuka (TB),PROP RECEPTIONS,LEAN,Emeka Egbuka O 3.5,0.034,2,L,-1.0
2026_04_GB_TB,2026,4,Jonnu Smith (GB),PROP RECEPTIONS,LEAN,Jonnu Smith O 1.5,0.135,1,L,-1.0
2026_04_GB_TB,2026,4,Christian Watson (GB),PROP RECEPTIONS,HAMMER,Christian Watson U 4.5,0.071,3,W,1.19
2026_04_GB_TB,2026,4,Tucker Kraft (GB),PROP RECEPTIONS,PLAY,Tucker Kraft U 4.5,0.111,6,L,-1.0
2026_04_GB_TB,2026,4,Matthew Golden (GB),PROP RECEPTIONS,PLAY,Matthew Golden U 4.5,0.067,3,W,1.0099999999999998
2026_04_IND_WAS,2026,4,Stefon Diggs (WAS),PROP RECEPTIONS,LEAN,Stefon Diggs U 4.5,0.034,5,L,-1.0
2026_04_IND_WAS,2026,4,Terry McLaurin (WAS),PROP RECEPTIONS,LEAN,Terry McLaurin U 4.5,0.119,DNP,P,0.0
2026_04_IND_WAS,2026,4,Antonio Williams (WAS),PROP RECEPTIONS,LEAN,Antonio Williams O 1.5,0.039,3,W,0.617283950617284
2026_04_IND_WAS,2026,4,Josh Downs (IND),PROP RECEPTIONS,LEAN,Josh Downs U 5.5,0.132,3,W,0.7092198581560285
2026_04_IND_WAS,2026,4,Tyler Warren (IND),PROP RECEPTIONS,PLAY,Tyler Warren U 5.5,0.054,5,W,0.7299270072992701
2026_04_JAX_CIN,2026,4,Mike Gesicki (CIN),PROP RECEPTIONS,LEAN,Mike Gesicki O 2.5,0.041,3,W,0.847457627118644
2026_04_JAX_CIN,2026,4,Drew Sample (CIN),PROP RECEPTIONS,LEAN,Drew Sample O 1.5,0.14,DNP,P,0.0
2026_04_JAX_CIN,2026,4,Tee Higgins (CIN),PROP RECEPTIONS,LEAN,Tee Higgins U 4.5,0.034,11,L,-1.0
2026_04_JAX_CIN,2026,4,Ja'Marr Chase (CIN),PROP RECEPTIONS,LEAN,Ja'Marr Chase U 6.5,0.213,3,W,1.12
2026_04_JAX_CIN,2026,4,Dohnte Meyers (CIN),PROP RECEPTIONS,PLAY,Dohnte Meyers U 2.5,0.053,7,L,-1.0
2026_04_JAX_CIN,2026,4,Jakobi Meyers (JAX),PROP RECEPTIONS,LEAN,Jakobi Meyers U 3.5,0.043,3,W,1.0300000000000002
2026_04_JAX_CIN,2026,4,Parker Washington (JAX),PROP RECEPTIONS,HAMMER,Parker Washington U 5.5,0.108,1,W,0.6849315068493151
2026_04_JAX_CIN,2026,4,Brenton Strange (JAX),PROP RECEPTIONS,HAMMER,Brenton Strange U 3.5,0.093,7,L,-1.0
2026_04_JAX_CIN,2026,4,Brian Thomas Jr. (JAX),PROP RECEPTIONS,LEAN,Brian Thomas Jr. U 2.5,0.043,2,W,0.7575757575757576
2026_04_KC_LV,2026,4,Michael Mayer (LV),PROP RECEPTIONS,LEAN,Michael Mayer O 2.5,0.168,8,W,0.8064516129032258
2026_04_KC_LV,2026,4,Brock Bowers (LV),PROP RECEPTIONS,PLAY,Brock Bowers U 7.5,0.175,6,W,0.6896551724137931
2026_04_KC_LV,2026,4,Ashton Jeanty (LV),PROP RECEPTIONS,HAMMER,Ashton Jeanty O 3.5,0.12,6,W,1.2000000000000002
2026_04_KC_LV,2026,4,Tyquan Thornton (KC),PROP RECEPTIONS,HAMMER,Tyquan Thornton O 1.5,0.101,5,W,1.0499999999999998
2026_04_KC_LV,2026,4,Rashee Rice (KC),PROP RECEPTIONS,PLAY,Rashee Rice U 4.5,0.06,DNP,P,0.0
2026_04_LAC_SEA,2026,4,Jaxon Smith-Njigba (SEA),PROP RECEPTIONS,LEAN,Jaxon Smith-Njigba U 6.5,0.175,5,W,1.15
2026_04_LAC_SEA,2026,4,George Holani (SEA),PROP RECEPTIONS,PLAY,George Holani O 1.5,0.062,1,L,-1.0
2026_04_LAC_SEA,2026,4,Tory Horton (SEA),PROP RECEPTIONS,PLAY,Tory Horton O 1.5,0.097,1,L,-1.0
2026_04_LAC_SEA,2026,4,Jadarian Price (SEA),PROP RECEPTIONS,PLAY,Jadarian Price U 1.5,0.07,DNP,P,0.0
2026_04_LA_PHI,2026,4,Zach Ertz (PHI),PROP RECEPTIONS,HAMMER,Zach Ertz U 1.5,0.077,2,L,-1.0
2026_04_LA_PHI,2026,4,Johnny Mundt (PHI),PROP RECEPTIONS,HAMMER,Johnny Mundt O 1.5,0.074,0,L,-1.0
2026_04_LA_PHI,2026,4,DeVonta Smith (PHI),PROP RECEPTIONS,PLAY,DeVonta Smith U 5.5,0.065,DNP,P,0.0
2026_04_LA_PHI,2026,4,Makai Lemon (PHI),PROP RECEPTIONS,PLAY,Makai Lemon U 2.5,0.066,3,L,-1.0
2026_04_LA_PHI,2026,4,Puka Nacua (LA),PROP RECEPTIONS,LEAN,Puka Nacua U 6.5,0.251,9,L,-1.0
2026_04_LA_PHI,2026,4,Davante Adams (LA),PROP RECEPTIONS,HAMMER,Davante Adams U 4.5,0.089,4,W,1.1399999999999997
2026_04_LA_PHI,2026,4,Kyren Williams (LA),PROP RECEPTIONS,HAMMER,Kyren Williams O 2.5,0.075,10,W,1.2800000000000002
2026_04_MIA_MIN,2026,4,Aaron Jones (MIN),PROP RECEPTIONS,HAMMER,Aaron Jones U 2.5,0.121,4,L,-1.0
2026_04_MIA_MIN,2026,4,Malik Washington (MIA),PROP RECEPTIONS,LEAN,Malik Washington U 3.5,0.038,5,L,-1.0
2026_04_MIA_MIN,2026,4,Chris Bell (MIA),PROP RECEPTIONS,PLAY,Chris Bell U 2.5,0.063,0,W,0.8130081300813008
2026_04_NE_BUF,2026,4,DJ Moore (BUF),PROP RECEPTIONS,PLAY,DJ Moore U 3.5,0.056,1,W,1.0899999999999999
2026_04_NE_BUF,2026,4,Ty Johnson (BUF),PROP RECEPTIONS,LEAN,Ty Johnson O 1.5,0.148,2,W,0.7352941176470589
2026_04_NE_BUF,2026,4,James Cook (BUF),PROP RECEPTIONS,HAMMER,James Cook O 1.5,0.078,2,W,0.8771929824561404
2026_04_NE_BUF,2026,4,Khalil Shakir (BUF),PROP RECEPTIONS,LEAN,Khalil Shakir U 3.5,0.154,7,L,-1.0
2026_04_NE_BUF,2026,4,Dalton Kincaid (BUF),PROP RECEPTIONS,HAMMER,Dalton Kincaid U 4.5,0.089,1,W,0.8403361344537816
2026_04_NE_BUF,2026,4,Keon Coleman (BUF),PROP RECEPTIONS,LEAN,Keon Coleman O 1.5,0.151,6,W,1.0499999999999998
2026_04_NE_BUF,2026,4,Hunter Henry (NE),PROP RECEPTIONS,HAMMER,Hunter Henry U 3.5,0.081,5,L,-1.0
2026_04_NE_BUF,2026,4,Mack Hollins (NE),PROP RECEPTIONS,LEAN,Mack Hollins U 3.5,0.038,3,W,0.9345794392523366
2026_04_NE_BUF,2026,4,Rhamondre Stevenson (NE),PROP RECEPTIONS,HAMMER,Rhamondre Stevenson U 2.5,0.071,3,L,-1.0
2026_04_NE_BUF,2026,4,Romeo Doubs (NE),PROP RECEPTIONS,LEAN,Romeo Doubs U 3.5,0.161,6,L,-1.0
2026_04_NE_BUF,2026,4,DeMario Douglas (NE),PROP RECEPTIONS,LEAN,DeMario Douglas U 2.5,0.044,2,W,1.12
2026_04_NYJ_CHI,2026,4,Kalif Raymond (CHI),PROP RECEPTIONS,LEAN,Kalif Raymond O 3.5,0.135,2,L,-1.0
2026_04_NYJ_CHI,2026,4,Colston Loveland (CHI),PROP RECEPTIONS,LEAN,Colston Loveland U 3.5,0.15,6,L,-1.0
2026_04_NYJ_CHI,2026,4,Garrett Wilson (NYJ),PROP RECEPTIONS,LEAN,Garrett Wilson U 6.5,0.13,3,W,0.819672131147541
2026_04_NYJ_CHI,2026,4,Kenyon Sadiq (NYJ),PROP RECEPTIONS,HAMMER,Kenyon Sadiq U 4.5,0.092,0,W,0.6451612903225805
2026_04_TEN_BAL,2026,4,Rashod Bateman (BAL),PROP RECEPTIONS,HAMMER,Rashod Bateman O 2.5,0.092,2,L,-1.0
2026_04_TEN_BAL,2026,4,Zay Flowers (BAL),PROP RECEPTIONS,LEAN,Zay Flowers U 5.5,0.127,8,L,-1.0
2026_04_TEN_BAL,2026,4,Elic Ayomanor (TEN),PROP RECEPTIONS,LEAN,Elic Ayomanor O 1.5,0.033,1,L,-1.0
2026_04_PIT_CLE,2026,4,Jerry Jeudy (CLE),PROP RECEPTIONS,PLAY,Jerry Jeudy O 1.5,0.061,3,W,1.1600000000000001
2026_04_PIT_CLE,2026,4,Raheim Sanders (CLE),PROP RECEPTIONS,PLAY,Raheim Sanders O 1.5,0.053,2,W,0.6289308176100628
2026_04_PIT_CLE,2026,4,Harold Fannin Jr. (CLE),PROP RECEPTIONS,PLAY,Harold Fannin Jr. U 4.5,0.068,3,W,0.8064516129032258
2026_04_PIT_CLE,2026,4,Denzel Boston (CLE),PROP RECEPTIONS,HAMMER,Denzel Boston O 2.5,0.082,4,W,0.617283950617284
2026_04_PIT_CLE,2026,4,KC Concepcion (CLE),PROP RECEPTIONS,LEAN,KC Concepcion U 3.5,0.034,5,L,-1.0
2026_04_PIT_CLE,2026,4,DK Metcalf (PIT),PROP RECEPTIONS,LEAN,DK Metcalf U 3.5,0.031,5,L,-1.0
2026_04_PIT_CLE,2026,4,Michael Pittman (PIT),PROP RECEPTIONS,PLAY,Michael Pittman U 3.5,0.051,2,W,0.704225352112676
2026_04_PIT_CLE,2026,4,Jaylen Warren (PIT),PROP RECEPTIONS,PLAY,Jaylen Warren U 3.5,0.05,3,W,0.847457627118644
2026_04_PIT_CLE,2026,4,Darnell Washington (PIT),PROP RECEPTIONS,PLAY,Darnell Washington O 1.5,0.069,3,W,0.641025641025641
2026_04_PIT_CLE,2026,4,Roman Wilson (PIT),PROP RECEPTIONS,HAMMER,Roman Wilson O 2.5,0.114,3,W,1.31
2026_04_PIT_CLE,2026,4,Germie Bernard (PIT),PROP RECEPTIONS,LEAN,Germie Bernard O 1.5,0.219,2,W,1.5
2026_04_ATL_NO,2026,4,Noah Fant (NO),PROP ANYTIME TD,LEAN,Noah Fant TD,0.108,DNP,P,0.0
2026_04_ATL_NO,2026,4,Jahan Dotson (ATL),PROP ANYTIME TD,LEAN,Jahan Dotson TD,0.033,1,W,4.5
2026_04_ARI_NYG,2026,4,Kendrick Bourne (ARI),PROP ANYTIME TD,HAMMER,Kendrick Bourne TD,0.075,DNP,P,0.0
2026_04_ARI_NYG,2026,4,Michael Wilson (ARI),PROP ANYTIME TD,PLAY,Michael Wilson TD,0.057,0,L,-1.0
2026_04_DAL_HOU,2026,4,Dak Prescott (DAL),PROP ANYTIME TD,LEAN,Dak Prescott TD,0.033,0,L,-1.0
2026_04_GB_TB,2026,4,Cade Otton (TB),PROP ANYTIME TD,HAMMER,Cade Otton TD,0.08,0,L,-1.0
2026_04_GB_TB,2026,4,Matthew Golden (GB),PROP ANYTIME TD,PLAY,Matthew Golden TD,0.053,1,W,2.35
2026_04_IND_WAS,2026,4,Antonio Williams (WAS),PROP ANYTIME TD,LEAN,Antonio Williams TD,0.043,0,L,-1.0
2026_04_JAX_CIN,2026,4,Jakobi Meyers (JAX),PROP ANYTIME TD,HAMMER,Jakobi Meyers TD,0.072,0,L,-1.0
2026_04_KC_LV,2026,4,Michael Mayer (LV),PROP ANYTIME TD,PLAY,Michael Mayer TD,0.068,0,L,-1.0
2026_04_KC_LV,2026,4,Brock Bowers (LV),PROP ANYTIME TD,HAMMER,Brock Bowers TD,0.08,1,W,1.9500000000000002
2026_04_LA_PHI,2026,4,Konata Mumpfield (LA),PROP ANYTIME TD,PLAY,Konata Mumpfield TD,0.063,0,L,-1.0
2026_04_MIA_MIN,2026,4,Malik Washington (MIA),PROP ANYTIME TD,LEAN,Malik Washington TD,0.049,0,L,-1.0
2026_04_NYJ_CHI,2026,4,Kalif Raymond (CHI),PROP ANYTIME TD,HAMMER,Kalif Raymond TD,0.093,0,L,-1.0
2026_04_TEN_BAL,2026,4,Justice Hill (BAL),PROP ANYTIME TD,LEAN,Justice Hill TD,0.03,0,L,-1.0
2026_04_TEN_BAL,2026,4,Rashod Bateman (BAL),PROP ANYTIME TD,PLAY,Rashod Bateman TD,0.061,0,L,-1.0
2026_04_TEN_BAL,2026,4,Cam Ward (TEN),PROP ANYTIME TD,PLAY,Cam Ward TD,0.064,0,L,-1.0
2026_04_PIT_CLE,2026,4,Harold Fannin Jr. (CLE),PROP ANYTIME TD,LEAN,Harold Fannin Jr. TD,0.04,1,W,2.85
