game_id,season,week,gameday,gametime,stadium,away_team,home_team,a_rec,h_rec,a_qb_name,h_qb_name,proj_away,proj_home,pred_margin,pred_total,home_wp,spread_line,total_line,ml_home,ml_away,line_src,model_line,market_line,sp_edge,sp_tier,sp_side,sp_pick,tot_edge,tot_tier,tot_pick,ml_pick,ml_odds,ml_edge,flags,a_off_epa,a_def_epa,h_off_epa,h_def_epa,a_pass_mu,a_rush_mu,h_pass_mu,h_rush_mu,a_dline,h_dline
2026_05_TB_DAL,2026,5,2026-10-08,20:15,AT&T Stadium,TB,DAL,0-4,2-2,Jalon Daniels,Dak Prescott,19.92721687470282,26.36082589643879,6.433609021735969,46.28804277114161,0.6836078781896917,8.5,47.5,-460.0,345.0,odds_api,DAL -6.4,DAL -8.5,2.066390978264031,,TB,TB +8.5,1.2119572288583882,,UNDER 47.5,TB,345.0,0.10158583105465058,TB SHORT WEEK|DAL SHORT WEEK,-0.09010727562589746,-0.0341254364202068,0.09845366521108329,0.11711891810210166,0.04831645149931457,0.03372471854340669,0.1486716518431304,-0.061443977776719824,MAN 29% · C3 · PRESS 34% · BLITZ 42%,MAN 25% · C3 · PRESS 32% · BLITZ 27%
2026_05_PHI_JAX,2026,5,2026-10-11,09:30,Tottenham Hotspur Stadium,PHI,JAX,2-2,3-1,Jalen Hurts,Trevor Lawrence,16.01213920064257,28.646194140367545,12.634054939724978,44.65833334101011,0.8259566163327815,7.5,42.0,-365.0,292.0,odds_api,JAX -12.6,JAX -7.5,5.134054939724978,PLAY,JAX,JAX -7.5,2.6583333410101133,LEAN,OVER 42,JAX,-365.0,0.07123565420597489,INTL,-0.06211897625849614,0.04254019089771056,0.09991606492249838,-0.034926100700856305,-0.1329581209797422,-0.03038563148558636,0.16678655226338537,0.10766054611095921,MAN 44% · C1 · PRESS 32% · BLITZ 20%,MAN 24% · C3 · PRESS 27% · BLITZ 26%
2026_05_CHI_GB,2026,5,2026-10-11,13:00,Lambeau Field,CHI,GB,3-1,2-2,Tyson Bagent,Jordan Love,25.290170741554537,20.065169391274832,-5.225001350279705,45.35534013282937,0.34898924484089205,-3.0,45.5,132.0,-156.0,odds_api,CHI -5.2,CHI -3.0,2.2250013502797046,,CHI,CHI -3.0,0.14465986717063117,,UNDER 45.5,CHI,-156.0,0.06530386753611483,DIVISION,0.06717084170932255,-0.032054136229208226,-0.0528316671426712,0.024276124956483028,0.1195994690480367,0.0697007743739055,-0.07382190069265103,-0.11005083820113766,MAN 43% · C1 · PRESS 27% · BLITZ 40%,MAN 20% · C3 · PRESS 30% · BLITZ 40%
2026_05_CIN_MIA,2026,5,2026-10-11,13:00,Hard Rock Stadium,CIN,MIA,2-2,0-4,Joe Burrow,Malik Willis,23.67733575987109,20.030496912104965,-3.646838847766127,43.70783267197606,0.39325563927681334,-7.0,42.5,280.0,-350.0,odds_api,CIN -3.6,CIN -7.0,3.353161152233873,LEAN,MIA,MIA +7.0,1.2078326719760568,,OVER 42.5,MIA,280.0,0.14044665051276845,,0.03198613237161118,-0.017501778763570997,-0.07827048758627779,0.05624660106292129,0.20137977597290457,-0.06044477685743342,-0.11657026635652215,-0.05371020154947907,MAN 36% · C3 · PRESS 30% · BLITZ 16%,MAN 27% · C2 · PRESS 27% · BLITZ 29%
2026_05_CLE_NYJ,2026,5,2026-10-11,13:00,MetLife Stadium,CLE,NYJ,3-1,1-3,Deshaun Watson,Geno Smith,21.438652283276205,23.556436666095557,2.117784382819354,44.99508894937176,0.5624893850120855,2.0,40.0,-130.0,110.0,odds_api,NYJ -2.1,NYJ -2.0,0.11778438281935388,,NYJ,NYJ -2.0,4.9950889493717625,PLAY,OVER 40,,,,,-0.010571785446980944,0.00923381088602078,0.00994737107085995,-0.0006795157943718748,0.06376568737529684,-0.09484336428892538,0.06554020455980518,-0.03755691472260328,MAN 41% · C1 · PRESS 35% · BLITZ 24%,MAN 40% · C1 · PRESS 24% · BLITZ 37%
2026_05_HOU_TEN,2026,5,2026-10-11,13:00,Nissan Stadium,HOU,TEN,0-4,0-4,C.J. Stroud,Cam Ward,21.959561059694146,21.8955666960619,-0.06399436363224542,43.855127755756044,0.49810393921046,-7.5,37.5,295.0,-375.0,odds_api,HOU -0.1,HOU -7.5,7.436005636367755,HAMMER,TEN,TEN +7.5,6.355127755756044,HAMMER,OVER 37.5,TEN,295.0,0.2552924376130159,DIVISION,-0.01618124523860563,0.020698057759143497,-0.04831970560122793,0.03795630516373308,0.0964199106058875,-0.05967679864652188,-0.03301009465166317,-0.015107514041796319,MAN 31% · C1 · PRESS 30% · BLITZ 21%,MAN 26% · C2 · PRESS 30% · BLITZ 22%
2026_05_IND_PIT,2026,5,2026-10-11,13:00,Acrisure Stadium,IND,PIT,2-2,2-2,Daniel Jones,Aaron Rodgers,20.70182525468739,21.65098278040819,0.9491575257207998,42.35280803509558,0.5280990025729846,2.5,44.5,-148.0,124.0,odds_api,PIT -0.9,PIT -2.5,1.5508424742792002,,IND,IND +2.5,2.1471919649044224,,UNDER 44.5,IND,124.0,0.04396063298747921,,-0.040013380059725795,0.040429443626800905,-0.0633942745556756,-0.0010106646663327744,-0.13124725988900623,0.08712245897539153,-0.07389647184212218,0.060071584431434705,MAN 36% · C3 · PRESS 29% · BLITZ 20%,MAN 36% · C3 · PRESS 29% · BLITZ 28%
2026_05_LV_NE,2026,5,2026-10-11,13:00,Gillette Stadium,LV,NE,3-1,2-2,Kirk Cousins,Drake Maye,23.18986945718402,19.89464541277543,-3.2952240444085903,43.08451486995945,0.40333278387182364,3.5,45.0,-195.0,164.0,odds_api,LV -3.3,NE -3.5,6.79522404440859,HAMMER,LV,LV +3.5,1.915485130040551,,UNDER 45,LV,164.0,0.23237973773845033,LV CROSS-COUNTRY,0.004734157938989871,-0.06145105478993183,-0.02982676787485617,-0.0043904434830552225,0.04225442119065641,-0.04572579794098924,-0.13854063650350376,-0.010220662855459375,MAN 20% · C3 · PRESS 27% · BLITZ 25%,MAN 31% · C3 · PRESS 30% · BLITZ 37%
2026_05_MIN_NO,2026,5,2026-10-11,13:00,Caesars Superdome,MIN,NO,4-0,1-3,Kyler Murray,Tyler Shough,24.696074480441958,22.161742174315258,-2.534332306126703,46.857816654757215,0.4253521157784071,-2.0,42.0,110.0,-132.0,odds_api,MIN -2.5,MIN -2.0,0.5343323061267031,,MIN,MIN -2.0,4.857816654757215,PLAY,OVER 42,,,,DOME,-0.057154988982269846,-0.10778641050736053,-0.006593968856878767,0.08571813864526052,0.023538451721044504,0.042861867097404624,-0.1336216142037816,-0.07167165366468205,MAN 18% · C2 · PRESS 33% · BLITZ 73%,MAN 22% · C3 · PRESS 28% · BLITZ 34%
2026_05_NYG_WAS,2026,5,2026-10-11,13:00,Northwest Stadium,NYG,WAS,3-1,1-3,Jameis Winston,Athan Kaliakmanis,21.184351909166338,19.16199468926382,-2.0223572199025193,40.34634659843016,0.44030477190959494,3.5,43.5,-190.0,163.0,odds_api,NYG -2.0,WAS -3.5,5.522357219902519,PLAY,NYG,NYG +3.5,3.1536534015698408,LEAN,UNDER 43.5,NYG,163.0,0.19246716680130793,DIVISION,-0.028337106986331413,0.008486467293378186,-0.027544159321436845,0.017793985431781567,0.015599115754388049,-0.031157565490570763,-0.010623870537295077,-0.01945080277394859,MAN 40% · C1 · PRESS 30% · BLITZ 34%,MAN 31% · C1 · PRESS 31% · BLITZ 47%
2026_05_DEN_LAC,2026,5,2026-10-11,16:05,SoFi Stadium,DEN,LAC,2-2,0-4,Bo Nix,Justin Herbert,22.907961908246687,21.732315406628505,-1.1756465016181818,44.64027731487519,0.46521136472726565,-3.5,42.0,154.0,-180.0,odds_api,DEN -1.2,DEN -3.5,2.324353498381818,,LAC,LAC +3.5,2.640277314875192,LEAN,OVER 42,LAC,154.0,0.08539584655038013,DOME|DIVISION,-0.00939032327887003,0.03770920036931403,-0.09450675628558368,-0.0048825942575538355,-0.015152545619753755,0.0011785346105935984,-0.11065217629191944,0.029375708075197085,MAN 44% · C1 · PRESS 34% · BLITZ 39%,MAN 23% · C3 · PRESS 30% · BLITZ 27%
2026_05_DET_ARI,2026,5,2026-10-11,16:25,State Farm Stadium,DET,ARI,2-2,1-3,Jared Goff,Jacoby Brissett,23.03193386866281,22.473068759996075,-0.5588651086667374,45.505002628658886,0.48344632278714667,-5.5,54.5,207.0,-250.0,odds_api,DET -0.6,DET -5.5,4.941134891333262,PLAY,ARI,ARI +5.5,8.994997371341114,HAMMER,UNDER 54.5,ARI,207.0,0.17024721764173278,,0.08742269930059685,0.11441470872901764,-0.018179101689014248,0.037833924804864166,0.294833908742848,-0.10028251756402383,0.10543406756265464,0.06507004114356789,MAN 41% · C1 · PRESS 30% · BLITZ 31%,MAN 28% · C3 · PRESS 26% · BLITZ 23%
2026_05_SF_SEA,2026,5,2026-10-11,16:25,Lumen Field,SF,SEA,4-0,3-1,Brock Purdy,Sam Darnold,24.80521778255364,23.195395980236512,-1.609821802317131,48.00061376279015,0.4524165081275088,3.0,46.0,-161.0,136.0,odds_api,SF -1.6,SEA -3.0,4.609821802317131,PLAY,SF,SF +3.0,2.0006137627901524,,OVER 46,SF,136.0,0.14038179441867205,DIVISION,0.1640042710080493,0.00977818107812942,0.009643011688682347,-0.08117030334171609,0.17127350064566982,-0.014352806463753476,0.09727738154201795,-0.06700593661127739,MAN 25% · C3 · PRESS 23% · BLITZ 31%,MAN 29% · C2 · PRESS 32% · BLITZ 21%
2026_05_BAL_ATL,2026,5,2026-10-11,20:20,Mercedes-Benz Stadium,BAL,ATL,3-1,2-2,Lamar Jackson,Michael Penix Jr.,23.463972521216125,24.312281689742118,0.8483091685259913,47.77625421095824,0.5251176553901411,3.5,43.5,-181.0,150.0,odds_api,ATL -0.8,ATL -3.5,2.6516908314740086,,BAL,BAL +3.5,4.276254210958243,PLAY,OVER 43.5,BAL,150.0,0.09178759341694809,,0.10700909232410634,-0.009748408495975506,-0.014393558251323142,-0.03434570556947572,0.14758514146947685,-0.03512783215721006,-0.11410160597831848,0.08015070889185229,MAN 32% · C3 · PRESS 28% · BLITZ 31%,MAN 33% · C1 · PRESS 31% · BLITZ 23%
2026_05_BUF_LA,2026,5,2026-10-12,20:15,SoFi Stadium,BUF,LA,3-1,2-2,Josh Allen,Matthew Stafford,25.593818839089344,24.365587280097436,-1.2282315589919093,49.95940611918678,0.4636595354620167,3.0,54.5,-162.0,136.0,odds_api,BUF -1.2,LA -3.0,4.22823155899191,LEAN,BUF,BUF +3.0,4.540593880813219,PLAY,UNDER 54.5,BUF,136.0,0.12971021869740718,DOME|BUF CROSS-COUNTRY,0.1100180789037745,0.0644147805481454,0.01553180406281835,-0.07204859616980873,-0.0022255642981298396,0.09209886485774096,0.09164214874904478,0.05570059314130036,MAN 31% · C2 · PRESS 33% · BLITZ 33%,MAN 26% · C3 · PRESS 32% · BLITZ 32%
